file,line,col,severity,rule,message
help-db.q,11,14,WARNING,LINE_TOO_LONG,"Line 11 exceeds 120 characters"
help-db.q,12,15,WARNING,LINE_TOO_LONG,"Line 12 exceeds 120 characters"
help-db.q,13,15,WARNING,LINE_TOO_LONG,"Line 13 exceeds 120 characters"
help-db.q,14,16,WARNING,LINE_TOO_LONG,"Line 14 exceeds 120 characters"
help-db.q,17,15,WARNING,LINE_TOO_LONG,"Line 17 exceeds 120 characters"
help-db.q,18,15,WARNING,LINE_TOO_LONG,"Line 18 exceeds 120 characters"
help-db.q,19,16,WARNING,LINE_TOO_LONG,"Line 19 exceeds 120 characters"
help-db.q,20,16,WARNING,LINE_TOO_LONG,"Line 20 exceeds 120 characters"
help-db.q,21,16,WARNING,LINE_TOO_LONG,"Line 21 exceeds 120 characters"
help-db.q,22,16,WARNING,LINE_TOO_LONG,"Line 22 exceeds 120 characters"
help-db.q,23,15,WARNING,LINE_TOO_LONG,"Line 23 exceeds 120 characters"
help-db.q,24,16,WARNING,LINE_TOO_LONG,"Line 24 exceeds 120 characters"
help-db.q,25,16,WARNING,LINE_TOO_LONG,"Line 25 exceeds 120 characters"
help-db.q,27,15,WARNING,LINE_TOO_LONG,"Line 27 exceeds 120 characters"
help-db.q,28,16,WARNING,LINE_TOO_LONG,"Line 28 exceeds 120 characters"
help-db.q,30,17,WARNING,LINE_TOO_LONG,"Line 30 exceeds 120 characters"
help-db.q,31,18,WARNING,LINE_TOO_LONG,"Line 31 exceeds 120 characters"
help-db.q,34,17,WARNING,LINE_TOO_LONG,"Line 34 exceeds 120 characters"
help-db.q,35,15,WARNING,LINE_TOO_LONG,"Line 35 exceeds 120 characters"
help-db.q,39,16,WARNING,LINE_TOO_LONG,"Line 39 exceeds 120 characters"
help-db.q,40,17,WARNING,LINE_TOO_LONG,"Line 40 exceeds 120 characters"
help-db.q,41,15,WARNING,LINE_TOO_LONG,"Line 41 exceeds 120 characters"
help-db.q,42,15,WARNING,LINE_TOO_LONG,"Line 42 exceeds 120 characters"
help-db.q,44,18,WARNING,LINE_TOO_LONG,"Line 44 exceeds 120 characters"
help-db.q,46,17,WARNING,LINE_TOO_LONG,"Line 46 exceeds 120 characters"
help-db.q,47,17,WARNING,LINE_TOO_LONG,"Line 47 exceeds 120 characters"
help-db.q,49,16,WARNING,LINE_TOO_LONG,"Line 49 exceeds 120 characters"
help-db.q,51,18,WARNING,LINE_TOO_LONG,"Line 51 exceeds 120 characters"
help-db.q,52,20,WARNING,LINE_TOO_LONG,"Line 52 exceeds 120 characters"
help-db.q,53,15,WARNING,LINE_TOO_LONG,"Line 53 exceeds 120 characters"
help-db.q,54,17,WARNING,LINE_TOO_LONG,"Line 54 exceeds 120 characters"
help-db.q,55,16,WARNING,LINE_TOO_LONG,"Line 55 exceeds 120 characters"
help-db.q,56,17,WARNING,LINE_TOO_LONG,"Line 56 exceeds 120 characters"
help-db.q,57,14,WARNING,LINE_TOO_LONG,"Line 57 exceeds 120 characters"
help-db.q,58,15,WARNING,LINE_TOO_LONG,"Line 58 exceeds 120 characters"
help-db.q,61,17,WARNING,LINE_TOO_LONG,"Line 61 exceeds 120 characters"
help-db.q,62,18,WARNING,LINE_TOO_LONG,"Line 62 exceeds 120 characters"
help-db.q,63,16,WARNING,LINE_TOO_LONG,"Line 63 exceeds 120 characters"
help-db.q,67,15,WARNING,LINE_TOO_LONG,"Line 67 exceeds 120 characters"
help-db.q,68,17,WARNING,LINE_TOO_LONG,"Line 68 exceeds 120 characters"
help-db.q,71,17,WARNING,LINE_TOO_LONG,"Line 71 exceeds 120 characters"
help-db.q,74,15,WARNING,LINE_TOO_LONG,"Line 74 exceeds 120 characters"
help-db.q,75,15,WARNING,LINE_TOO_LONG,"Line 75 exceeds 120 characters"
help-db.q,77,18,WARNING,LINE_TOO_LONG,"Line 77 exceeds 120 characters"
help-db.q,78,17,WARNING,LINE_TOO_LONG,"Line 78 exceeds 120 characters"
help-db.q,83,17,WARNING,LINE_TOO_LONG,"Line 83 exceeds 120 characters"
help-db.q,85,16,WARNING,LINE_TOO_LONG,"Line 85 exceeds 120 characters"
help-db.q,86,14,WARNING,LINE_TOO_LONG,"Line 86 exceeds 120 characters"
help-db.q,87,15,WARNING,LINE_TOO_LONG,"Line 87 exceeds 120 characters"
help-db.q,89,18,WARNING,LINE_TOO_LONG,"Line 89 exceeds 120 characters"
help-db.q,90,17,WARNING,LINE_TOO_LONG,"Line 90 exceeds 120 characters"
help-db.q,92,15,WARNING,LINE_TOO_LONG,"Line 92 exceeds 120 characters"
help-db.q,94,16,WARNING,LINE_TOO_LONG,"Line 94 exceeds 120 characters"
help-db.q,96,17,WARNING,LINE_TOO_LONG,"Line 96 exceeds 120 characters"
help-db.q,97,14,WARNING,LINE_TOO_LONG,"Line 97 exceeds 120 characters"
help-db.q,98,15,WARNING,LINE_TOO_LONG,"Line 98 exceeds 120 characters"
help-db.q,99,16,WARNING,LINE_TOO_LONG,"Line 99 exceeds 120 characters"
help-db.q,100,17,WARNING,LINE_TOO_LONG,"Line 100 exceeds 120 characters"
help-db.q,106,15,WARNING,LINE_TOO_LONG,"Line 106 exceeds 120 characters"
help-db.q,108,16,WARNING,LINE_TOO_LONG,"Line 108 exceeds 120 characters"
help-db.q,111,16,WARNING,LINE_TOO_LONG,"Line 111 exceeds 120 characters"
help-db.q,112,15,WARNING,LINE_TOO_LONG,"Line 112 exceeds 120 characters"
help-db.q,114,16,WARNING,LINE_TOO_LONG,"Line 114 exceeds 120 characters"
help-db.q,115,15,WARNING,LINE_TOO_LONG,"Line 115 exceeds 120 characters"
help-db.q,116,15,WARNING,LINE_TOO_LONG,"Line 116 exceeds 120 characters"
help-db.q,123,14,WARNING,LINE_TOO_LONG,"Line 123 exceeds 120 characters"
help-db.q,124,16,WARNING,LINE_TOO_LONG,"Line 124 exceeds 120 characters"
help-db.q,125,16,WARNING,LINE_TOO_LONG,"Line 125 exceeds 120 characters"
help-db.q,127,14,WARNING,LINE_TOO_LONG,"Line 127 exceeds 120 characters"
help-db.q,128,15,WARNING,LINE_TOO_LONG,"Line 128 exceeds 120 characters"
help-db.q,130,17,WARNING,LINE_TOO_LONG,"Line 130 exceeds 120 characters"
help-db.q,131,16,WARNING,LINE_TOO_LONG,"Line 131 exceeds 120 characters"
help-db.q,132,16,WARNING,LINE_TOO_LONG,"Line 132 exceeds 120 characters"
help-db.q,134,16,WARNING,LINE_TOO_LONG,"Line 134 exceeds 120 characters"
help-db.q,135,17,WARNING,LINE_TOO_LONG,"Line 135 exceeds 120 characters"
help-db.q,139,18,WARNING,LINE_TOO_LONG,"Line 139 exceeds 120 characters"
help-db.q,140,16,WARNING,LINE_TOO_LONG,"Line 140 exceeds 120 characters"
help-db.q,141,17,WARNING,LINE_TOO_LONG,"Line 141 exceeds 120 characters"
help-db.q,143,16,WARNING,LINE_TOO_LONG,"Line 143 exceeds 120 characters"
help-db.q,144,14,WARNING,LINE_TOO_LONG,"Line 144 exceeds 120 characters"
help-db.q,145,16,WARNING,LINE_TOO_LONG,"Line 145 exceeds 120 characters"
help-db.q,150,14,WARNING,LINE_TOO_LONG,"Line 150 exceeds 120 characters"
help-db.q,151,15,WARNING,LINE_TOO_LONG,"Line 151 exceeds 120 characters"
help-db.q,153,19,WARNING,LINE_TOO_LONG,"Line 153 exceeds 120 characters"
help-db.q,156,16,WARNING,LINE_TOO_LONG,"Line 156 exceeds 120 characters"
help-db.q,158,14,WARNING,LINE_TOO_LONG,"Line 158 exceeds 120 characters"
help-db.q,159,18,WARNING,LINE_TOO_LONG,"Line 159 exceeds 120 characters"
help-db.q,168,14,WARNING,LINE_TOO_LONG,"Line 168 exceeds 120 characters"
help-db.q,169,15,WARNING,LINE_TOO_LONG,"Line 169 exceeds 120 characters"
help-db.q,170,17,WARNING,LINE_TOO_LONG,"Line 170 exceeds 120 characters"
help-db.q,171,19,WARNING,LINE_TOO_LONG,"Line 171 exceeds 120 characters"
help-db.q,173,18,WARNING,LINE_TOO_LONG,"Line 173 exceeds 120 characters"
help-db.q,174,17,WARNING,LINE_TOO_LONG,"Line 174 exceeds 120 characters"
help-db.q,177,120,WARNING,LINE_TOO_LONG,"Line 177 exceeds 120 characters"
help-db.q,179,14,WARNING,LINE_TOO_LONG,"Line 179 exceeds 120 characters"
help-db.q,180,17,WARNING,LINE_TOO_LONG,"Line 180 exceeds 120 characters"
help-db.q,181,18,WARNING,LINE_TOO_LONG,"Line 181 exceeds 120 characters"
help-db.q,182,14,WARNING,LINE_TOO_LONG,"Line 182 exceeds 120 characters"
help-db.q,183,15,WARNING,LINE_TOO_LONG,"Line 183 exceeds 120 characters"
help-db.q,185,18,WARNING,LINE_TOO_LONG,"Line 185 exceeds 120 characters"
help-db.q,186,17,WARNING,LINE_TOO_LONG,"Line 186 exceeds 120 characters"
help-db.q,187,120,WARNING,LINE_TOO_LONG,"Line 187 exceeds 120 characters"
help-db.q,188,14,WARNING,LINE_TOO_LONG,"Line 188 exceeds 120 characters"
help-db.q,189,17,WARNING,LINE_TOO_LONG,"Line 189 exceeds 120 characters"
help-db.q,191,120,WARNING,LINE_TOO_LONG,"Line 191 exceeds 120 characters"
help-db.q,192,120,WARNING,LINE_TOO_LONG,"Line 192 exceeds 120 characters"
help-db.q,193,18,WARNING,LINE_TOO_LONG,"Line 193 exceeds 120 characters"
help-db.q,194,18,WARNING,LINE_TOO_LONG,"Line 194 exceeds 120 characters"
help-db.q,196,18,WARNING,LINE_TOO_LONG,"Line 196 exceeds 120 characters"
help-db.q,197,18,WARNING,LINE_TOO_LONG,"Line 197 exceeds 120 characters"
help-db.q,200,18,WARNING,LINE_TOO_LONG,"Line 200 exceeds 120 characters"
help-db.q,201,18,WARNING,LINE_TOO_LONG,"Line 201 exceeds 120 characters"
help-db.q,202,18,WARNING,LINE_TOO_LONG,"Line 202 exceeds 120 characters"
help-db.q,203,18,WARNING,LINE_TOO_LONG,"Line 203 exceeds 120 characters"
help-db.q,204,18,WARNING,LINE_TOO_LONG,"Line 204 exceeds 120 characters"
help-db.q,205,18,WARNING,LINE_TOO_LONG,"Line 205 exceeds 120 characters"
help-db.q,206,18,WARNING,LINE_TOO_LONG,"Line 206 exceeds 120 characters"
help-db.q,207,18,WARNING,LINE_TOO_LONG,"Line 207 exceeds 120 characters"
help-db.q,208,18,WARNING,LINE_TOO_LONG,"Line 208 exceeds 120 characters"
help-db.q,209,18,WARNING,LINE_TOO_LONG,"Line 209 exceeds 120 characters"
help-db.q,210,19,WARNING,LINE_TOO_LONG,"Line 210 exceeds 120 characters"
help-db.q,213,18,WARNING,LINE_TOO_LONG,"Line 213 exceeds 120 characters"
help-db.q,214,18,WARNING,LINE_TOO_LONG,"Line 214 exceeds 120 characters"
help-db.q,215,18,WARNING,LINE_TOO_LONG,"Line 215 exceeds 120 characters"
help-db.q,216,18,WARNING,LINE_TOO_LONG,"Line 216 exceeds 120 characters"
help-db.q,219,18,WARNING,LINE_TOO_LONG,"Line 219 exceeds 120 characters"
help-db.q,223,120,WARNING,LINE_TOO_LONG,"Line 223 exceeds 120 characters"
help-db.q,226,17,WARNING,LINE_TOO_LONG,"Line 226 exceeds 120 characters"
help-db.q,227,120,WARNING,LINE_TOO_LONG,"Line 227 exceeds 120 characters"
help-db.q,228,19,WARNING,LINE_TOO_LONG,"Line 228 exceeds 120 characters"
help-db.q,229,19,WARNING,LINE_TOO_LONG,"Line 229 exceeds 120 characters"
help-db.q,230,17,WARNING,LINE_TOO_LONG,"Line 230 exceeds 120 characters"
help-db.q,231,18,WARNING,LINE_TOO_LONG,"Line 231 exceeds 120 characters"
help-db.q,232,18,WARNING,LINE_TOO_LONG,"Line 232 exceeds 120 characters"
help-db.q,233,19,WARNING,LINE_TOO_LONG,"Line 233 exceeds 120 characters"
help-db.q,237,17,WARNING,LINE_TOO_LONG,"Line 237 exceeds 120 characters"
help-db.q,238,17,WARNING,LINE_TOO_LONG,"Line 238 exceeds 120 characters"
help-db.q,239,18,WARNING,LINE_TOO_LONG,"Line 239 exceeds 120 characters"
help-db.q,240,18,WARNING,LINE_TOO_LONG,"Line 240 exceeds 120 characters"
help-db.q,242,16,WARNING,LINE_TOO_LONG,"Line 242 exceeds 120 characters"
help-db.q,243,16,WARNING,LINE_TOO_LONG,"Line 243 exceeds 120 characters"
help-db.q,244,120,WARNING,LINE_TOO_LONG,"Line 244 exceeds 120 characters"
help-db.q,245,17,WARNING,LINE_TOO_LONG,"Line 245 exceeds 120 characters"
help-db.q,246,17,WARNING,LINE_TOO_LONG,"Line 246 exceeds 120 characters"
help-db.q,247,17,WARNING,LINE_TOO_LONG,"Line 247 exceeds 120 characters"
help-db.q,248,17,WARNING,LINE_TOO_LONG,"Line 248 exceeds 120 characters"
help-db.q,249,17,WARNING,LINE_TOO_LONG,"Line 249 exceeds 120 characters"
help-db.q,251,18,WARNING,LINE_TOO_LONG,"Line 251 exceeds 120 characters"
help-db.q,252,19,WARNING,LINE_TOO_LONG,"Line 252 exceeds 120 characters"
help-db.q,253,17,WARNING,LINE_TOO_LONG,"Line 253 exceeds 120 characters"
help-db.q,255,16,WARNING,LINE_TOO_LONG,"Line 255 exceeds 120 characters"
help-db.q,256,18,WARNING,LINE_TOO_LONG,"Line 256 exceeds 120 characters"
help-db.q,258,18,WARNING,LINE_TOO_LONG,"Line 258 exceeds 120 characters"
help-db.q,259,19,WARNING,LINE_TOO_LONG,"Line 259 exceeds 120 characters"
help-db.q,260,20,WARNING,LINE_TOO_LONG,"Line 260 exceeds 120 characters"
help-db.q,261,18,WARNING,LINE_TOO_LONG,"Line 261 exceeds 120 characters"
help-db.q,262,19,WARNING,LINE_TOO_LONG,"Line 262 exceeds 120 characters"
help-db.q,263,19,WARNING,LINE_TOO_LONG,"Line 263 exceeds 120 characters"
help-db.q,264,20,WARNING,LINE_TOO_LONG,"Line 264 exceeds 120 characters"
help-db.q,265,17,WARNING,LINE_TOO_LONG,"Line 265 exceeds 120 characters"
help-db.q,266,18,WARNING,LINE_TOO_LONG,"Line 266 exceeds 120 characters"
help-db.q,268,18,WARNING,LINE_TOO_LONG,"Line 268 exceeds 120 characters"
help-db.q,269,17,WARNING,LINE_TOO_LONG,"Line 269 exceeds 120 characters"
help-db.q,271,17,WARNING,LINE_TOO_LONG,"Line 271 exceeds 120 characters"
help-db.q,272,17,WARNING,LINE_TOO_LONG,"Line 272 exceeds 120 characters"
help-db.q,273,17,WARNING,LINE_TOO_LONG,"Line 273 exceeds 120 characters"
help-db.q,275,18,WARNING,LINE_TOO_LONG,"Line 275 exceeds 120 characters"
help-db.q,276,18,WARNING,LINE_TOO_LONG,"Line 276 exceeds 120 characters"
help-db.q,277,18,WARNING,LINE_TOO_LONG,"Line 277 exceeds 120 characters"
help-db.q,278,17,WARNING,LINE_TOO_LONG,"Line 278 exceeds 120 characters"
help-db.q,279,16,WARNING,LINE_TOO_LONG,"Line 279 exceeds 120 characters"
help-db.q,280,17,WARNING,LINE_TOO_LONG,"Line 280 exceeds 120 characters"
help-db.q,281,17,WARNING,LINE_TOO_LONG,"Line 281 exceeds 120 characters"
help-db.q,282,19,WARNING,LINE_TOO_LONG,"Line 282 exceeds 120 characters"
help-db.q,284,17,WARNING,LINE_TOO_LONG,"Line 284 exceeds 120 characters"
help-db.q,285,17,WARNING,LINE_TOO_LONG,"Line 285 exceeds 120 characters"
help-db.q,287,18,WARNING,LINE_TOO_LONG,"Line 287 exceeds 120 characters"
help-db.q,288,18,WARNING,LINE_TOO_LONG,"Line 288 exceeds 120 characters"
help-db.q,290,120,WARNING,LINE_TOO_LONG,"Line 290 exceeds 120 characters"
help-db.q,291,16,WARNING,LINE_TOO_LONG,"Line 291 exceeds 120 characters"
help-db.q,293,18,WARNING,LINE_TOO_LONG,"Line 293 exceeds 120 characters"
help-db.q,294,18,WARNING,LINE_TOO_LONG,"Line 294 exceeds 120 characters"
help-db.q,295,16,WARNING,LINE_TOO_LONG,"Line 295 exceeds 120 characters"
help-db.q,296,18,WARNING,LINE_TOO_LONG,"Line 296 exceeds 120 characters"
help-db.q,297,16,WARNING,LINE_TOO_LONG,"Line 297 exceeds 120 characters"
help-db.q,298,17,WARNING,LINE_TOO_LONG,"Line 298 exceeds 120 characters"
help-db.q,299,16,WARNING,LINE_TOO_LONG,"Line 299 exceeds 120 characters"
help-db.q,302,16,WARNING,LINE_TOO_LONG,"Line 302 exceeds 120 characters"
help-db.q,304,17,WARNING,LINE_TOO_LONG,"Line 304 exceeds 120 characters"
help-db.q,306,17,WARNING,LINE_TOO_LONG,"Line 306 exceeds 120 characters"
help-db.q,309,17,WARNING,LINE_TOO_LONG,"Line 309 exceeds 120 characters"
help-db.q,311,16,WARNING,LINE_TOO_LONG,"Line 311 exceeds 120 characters"
help-db.q,312,17,WARNING,LINE_TOO_LONG,"Line 312 exceeds 120 characters"
help-db.q,313,17,WARNING,LINE_TOO_LONG,"Line 313 exceeds 120 characters"
help-db.q,314,16,WARNING,LINE_TOO_LONG,"Line 314 exceeds 120 characters"
help-db.q,315,17,WARNING,LINE_TOO_LONG,"Line 315 exceeds 120 characters"
help-db.q,316,16,WARNING,LINE_TOO_LONG,"Line 316 exceeds 120 characters"
help-db.q,317,17,WARNING,LINE_TOO_LONG,"Line 317 exceeds 120 characters"
help-db.q,318,120,WARNING,LINE_TOO_LONG,"Line 318 exceeds 120 characters"
help-db.q,321,16,WARNING,LINE_TOO_LONG,"Line 321 exceeds 120 characters"
help-db.q,322,17,WARNING,LINE_TOO_LONG,"Line 322 exceeds 120 characters"
help-db.q,323,17,WARNING,LINE_TOO_LONG,"Line 323 exceeds 120 characters"
help-db.q,324,19,WARNING,LINE_TOO_LONG,"Line 324 exceeds 120 characters"
help-db.q,325,16,WARNING,LINE_TOO_LONG,"Line 325 exceeds 120 characters"
help-db.q,329,16,WARNING,LINE_TOO_LONG,"Line 329 exceeds 120 characters"
help-db.q,330,16,WARNING,LINE_TOO_LONG,"Line 330 exceeds 120 characters"
help-db.q,336,16,WARNING,LINE_TOO_LONG,"Line 336 exceeds 120 characters"
help-db.q,339,17,WARNING,LINE_TOO_LONG,"Line 339 exceeds 120 characters"
help-db.q,340,17,WARNING,LINE_TOO_LONG,"Line 340 exceeds 120 characters"
help-db.q,341,17,WARNING,LINE_TOO_LONG,"Line 341 exceeds 120 characters"
help-db.q,343,17,WARNING,LINE_TOO_LONG,"Line 343 exceeds 120 characters"
help-db.q,344,17,WARNING,LINE_TOO_LONG,"Line 344 exceeds 120 characters"
help-db.q,345,17,WARNING,LINE_TOO_LONG,"Line 345 exceeds 120 characters"
help-db.q,347,17,WARNING,LINE_TOO_LONG,"Line 347 exceeds 120 characters"
help-db.q,348,17,WARNING,LINE_TOO_LONG,"Line 348 exceeds 120 characters"
help-db.q,349,17,WARNING,LINE_TOO_LONG,"Line 349 exceeds 120 characters"
help-db.q,351,16,WARNING,LINE_TOO_LONG,"Line 351 exceeds 120 characters"
help-db.q,352,16,WARNING,LINE_TOO_LONG,"Line 352 exceeds 120 characters"
help-db.q,357,16,WARNING,LINE_TOO_LONG,"Line 357 exceeds 120 characters"
help-db.q,359,16,WARNING,LINE_TOO_LONG,"Line 359 exceeds 120 characters"
help-db.q,360,16,WARNING,LINE_TOO_LONG,"Line 360 exceeds 120 characters"
help-db.q,365,16,WARNING,LINE_TOO_LONG,"Line 365 exceeds 120 characters"
help-db.q,368,17,WARNING,LINE_TOO_LONG,"Line 368 exceeds 120 characters"
help-db.q,370,17,WARNING,LINE_TOO_LONG,"Line 370 exceeds 120 characters"
help-db.q,371,17,WARNING,LINE_TOO_LONG,"Line 371 exceeds 120 characters"
help-db.q,372,17,WARNING,LINE_TOO_LONG,"Line 372 exceeds 120 characters"
help-db.q,373,19,WARNING,LINE_TOO_LONG,"Line 373 exceeds 120 characters"
help-db.q,374,16,WARNING,LINE_TOO_LONG,"Line 374 exceeds 120 characters"
help-db.q,375,120,WARNING,LINE_TOO_LONG,"Line 375 exceeds 120 characters"
help-db.q,376,19,WARNING,LINE_TOO_LONG,"Line 376 exceeds 120 characters"
help-db.q,379,17,WARNING,LINE_TOO_LONG,"Line 379 exceeds 120 characters"
help-db.q,381,17,WARNING,LINE_TOO_LONG,"Line 381 exceeds 120 characters"
help-db.q,383,17,WARNING,LINE_TOO_LONG,"Line 383 exceeds 120 characters"
help-db.q,384,17,WARNING,LINE_TOO_LONG,"Line 384 exceeds 120 characters"
help-db.q,385,17,WARNING,LINE_TOO_LONG,"Line 385 exceeds 120 characters"
help-db.q,386,18,WARNING,LINE_TOO_LONG,"Line 386 exceeds 120 characters"
help-db.q,387,19,WARNING,LINE_TOO_LONG,"Line 387 exceeds 120 characters"
help-db.q,388,18,WARNING,LINE_TOO_LONG,"Line 388 exceeds 120 characters"
help-db.q,389,120,WARNING,LINE_TOO_LONG,"Line 389 exceeds 120 characters"
help-db.q,390,19,WARNING,LINE_TOO_LONG,"Line 390 exceeds 120 characters"
help-db.q,393,17,WARNING,LINE_TOO_LONG,"Line 393 exceeds 120 characters"
help-db.q,394,19,WARNING,LINE_TOO_LONG,"Line 394 exceeds 120 characters"
help-db.q,395,22,WARNING,LINE_TOO_LONG,"Line 395 exceeds 120 characters"
help-db.q,396,120,WARNING,LINE_TOO_LONG,"Line 396 exceeds 120 characters"
help-db.q,397,17,WARNING,LINE_TOO_LONG,"Line 397 exceeds 120 characters"
help-db.q,398,19,WARNING,LINE_TOO_LONG,"Line 398 exceeds 120 characters"
help-db.q,399,18,WARNING,LINE_TOO_LONG,"Line 399 exceeds 120 characters"
help-db.q,400,18,WARNING,LINE_TOO_LONG,"Line 400 exceeds 120 characters"
help-db.q,401,17,WARNING,LINE_TOO_LONG,"Line 401 exceeds 120 characters"
help-db.q,402,17,WARNING,LINE_TOO_LONG,"Line 402 exceeds 120 characters"
help-db.q,403,17,WARNING,LINE_TOO_LONG,"Line 403 exceeds 120 characters"
help-db.q,404,17,WARNING,LINE_TOO_LONG,"Line 404 exceeds 120 characters"
help-db.q,405,19,WARNING,LINE_TOO_LONG,"Line 405 exceeds 120 characters"
help-db.q,406,17,WARNING,LINE_TOO_LONG,"Line 406 exceeds 120 characters"
help-db.q,407,120,WARNING,LINE_TOO_LONG,"Line 407 exceeds 120 characters"
help-db.q,408,120,WARNING,LINE_TOO_LONG,"Line 408 exceeds 120 characters"
help-db.q,411,18,WARNING,LINE_TOO_LONG,"Line 411 exceeds 120 characters"
help-db.q,413,17,WARNING,LINE_TOO_LONG,"Line 413 exceeds 120 characters"
help-db.q,415,21,WARNING,LINE_TOO_LONG,"Line 415 exceeds 120 characters"
help-db.q,416,24,WARNING,LINE_TOO_LONG,"Line 416 exceeds 120 characters"
help-db.q,417,24,WARNING,LINE_TOO_LONG,"Line 417 exceeds 120 characters"
help-db.q,418,18,WARNING,LINE_TOO_LONG,"Line 418 exceeds 120 characters"
help-db.q,419,20,WARNING,LINE_TOO_LONG,"Line 419 exceeds 120 characters"
help-db.q,420,28,WARNING,LINE_TOO_LONG,"Line 420 exceeds 120 characters"
help-db.q,423,17,WARNING,LINE_TOO_LONG,"Line 423 exceeds 120 characters"
help-db.q,424,17,WARNING,LINE_TOO_LONG,"Line 424 exceeds 120 characters"
help-db.q,425,17,WARNING,LINE_TOO_LONG,"Line 425 exceeds 120 characters"
help-db.q,429,16,WARNING,LINE_TOO_LONG,"Line 429 exceeds 120 characters"
help-db.q,439,16,WARNING,LINE_TOO_LONG,"Line 439 exceeds 120 characters"
help-db.q,440,16,WARNING,LINE_TOO_LONG,"Line 440 exceeds 120 characters"
help-db.q,441,16,WARNING,LINE_TOO_LONG,"Line 441 exceeds 120 characters"
help-db.q,442,16,WARNING,LINE_TOO_LONG,"Line 442 exceeds 120 characters"
help-db.q,443,16,WARNING,LINE_TOO_LONG,"Line 443 exceeds 120 characters"
help-db.q,444,16,WARNING,LINE_TOO_LONG,"Line 444 exceeds 120 characters"
help-db.q,445,16,WARNING,LINE_TOO_LONG,"Line 445 exceeds 120 characters"
help-db.q,446,16,WARNING,LINE_TOO_LONG,"Line 446 exceeds 120 characters"
help-db.q,447,16,WARNING,LINE_TOO_LONG,"Line 447 exceeds 120 characters"
help-db.q,448,16,WARNING,LINE_TOO_LONG,"Line 448 exceeds 120 characters"
help-db.q,449,16,WARNING,LINE_TOO_LONG,"Line 449 exceeds 120 characters"
help-db.q,450,13,WARNING,LINE_TOO_LONG,"Line 450 exceeds 120 characters"
help-db.q,451,16,WARNING,LINE_TOO_LONG,"Line 451 exceeds 120 characters"
help-db.q,452,17,WARNING,LINE_TOO_LONG,"Line 452 exceeds 120 characters"
help-db.q,453,16,WARNING,LINE_TOO_LONG,"Line 453 exceeds 120 characters"
help-db.q,454,17,WARNING,LINE_TOO_LONG,"Line 454 exceeds 120 characters"
help-db.q,455,17,WARNING,LINE_TOO_LONG,"Line 455 exceeds 120 characters"
help-db.q,456,18,WARNING,LINE_TOO_LONG,"Line 456 exceeds 120 characters"
help-db.q,457,16,WARNING,LINE_TOO_LONG,"Line 457 exceeds 120 characters"
help-db.q,458,17,WARNING,LINE_TOO_LONG,"Line 458 exceeds 120 characters"
help-db.q,459,20,WARNING,LINE_TOO_LONG,"Line 459 exceeds 120 characters"
help-db.q,460,22,WARNING,LINE_TOO_LONG,"Line 460 exceeds 120 characters"
help-db.q,461,20,WARNING,LINE_TOO_LONG,"Line 461 exceeds 120 characters"
help-db.q,462,22,WARNING,LINE_TOO_LONG,"Line 462 exceeds 120 characters"
help-db.q,465,24,WARNING,LINE_TOO_LONG,"Line 465 exceeds 120 characters"
help-db.q,466,22,WARNING,LINE_TOO_LONG,"Line 466 exceeds 120 characters"
help-db.q,467,21,WARNING,LINE_TOO_LONG,"Line 467 exceeds 120 characters"
help-db.q,468,19,WARNING,LINE_TOO_LONG,"Line 468 exceeds 120 characters"
help-db.q,469,18,WARNING,LINE_TOO_LONG,"Line 469 exceeds 120 characters"
help-db.q,470,18,WARNING,LINE_TOO_LONG,"Line 470 exceeds 120 characters"
help-db.q,471,19,WARNING,LINE_TOO_LONG,"Line 471 exceeds 120 characters"
help-db.q,472,19,WARNING,LINE_TOO_LONG,"Line 472 exceeds 120 characters"
help-db.q,484,106,WARNING,LINE_TOO_LONG,"Line 484 exceeds 120 characters"
help-db.q,523,99,WARNING,LINE_TOO_LONG,"Line 523 exceeds 120 characters"
help-db.q,564,3,WARNING,LINE_TOO_LONG,"Line 564 exceeds 120 characters"
help-db.q,570,3,WARNING,LINE_TOO_LONG,"Line 570 exceeds 120 characters"
help-db.q,572,3,WARNING,LINE_TOO_LONG,"Line 572 exceeds 120 characters"
help-db.q,573,3,WARNING,LINE_TOO_LONG,"Line 573 exceeds 120 characters"
j.q,19,4,WARNING,CONDITIONALLY_DECLARED,"Variable 'n' may be undefined — declared only conditionally"
str.q,77,50,INFO,IMPLICIT_PARAMS,"Function uses implicit parameters — consider naming them"
csv.q,0,0,ERROR,RESERVED_NAME,"File has reserved name 'csv'"
parquet.q,22,120,WARNING,LINE_TOO_LONG,"Line 22 exceeds 120 characters"
parquet.q,25,96,WARNING,LINE_TOO_LONG,"Line 25 exceeds 120 characters"
parquet.q,30,29,WARNING,LINE_TOO_LONG,"Line 30 exceeds 120 characters"
parquet.q,31,17,WARNING,LINE_TOO_LONG,"Line 31 exceeds 120 characters"
parquet.q,64,42,WARNING,LINE_TOO_LONG,"Line 64 exceeds 120 characters"
parquet.q,68,118,WARNING,LINE_TOO_LONG,"Line 68 exceeds 120 characters"
parquet.q,89,111,WARNING,LINE_TOO_LONG,"Line 89 exceeds 120 characters"
parquet.q,34,4,WARNING,CONDITIONALLY_DECLARED,"Variable 'v' may be undefined — declared only conditionally"
parquet.q,35,4,WARNING,CONDITIONALLY_DECLARED,"Variable 's' may be undefined — declared only conditionally"
parquet.q,55,4,WARNING,CONDITIONALLY_DECLARED,"Variable 'ct' may be undefined — declared only conditionally"
parquet.q,82,4,WARNING,CONDITIONALLY_DECLARED,"Variable 'kv' may be undefined — declared only conditionally"
qpc.q,14,12,WARNING,UNUSED_PARAM,"Parameter 'alias' is declared but never used"
qpc.q,14,12,WARNING,UNUSED_PARAM,"Parameter 'opt' is declared but never used"
fs.q,27,26,INFO,IMPLICIT_PARAMS,"Function uses implicit parameters — consider naming them"
fs.q,31,26,INFO,IMPLICIT_PARAMS,"Function uses implicit parameters — consider naming them"
fs.q,35,25,INFO,IMPLICIT_PARAMS,"Function uses implicit parameters — consider naming them"
fs.q,45,26,INFO,IMPLICIT_PARAMS,"Function uses implicit parameters — consider naming them"
fs.q,50,25,INFO,IMPLICIT_PARAMS,"Function uses implicit parameters — consider naming them"
pq.q,46,120,WARNING,LINE_TOO_LONG,"Line 46 exceeds 120 characters"
pq.q,53,117,WARNING,LINE_TOO_LONG,"Line 53 exceeds 120 characters"
pq.q,163,120,WARNING,LINE_TOO_LONG,"Line 163 exceeds 120 characters"
pq.q,175,117,WARNING,LINE_TOO_LONG,"Line 175 exceeds 120 characters"
pq.q,275,107,WARNING,LINE_TOO_LONG,"Line 275 exceeds 120 characters"
pq.q,46,436,WARNING,TRAILING_SEMICOLON,"Trailing semicolon before } — function returns generic null"
pq.q,178,53,WARNING,TRAILING_SEMICOLON,"Trailing semicolon before } — function returns generic null"
pq.q,186,57,WARNING,TRAILING_SEMICOLON,"Trailing semicolon before } — function returns generic null"
pq.q,217,27,WARNING,TRAILING_SEMICOLON,"Trailing semicolon before } — function returns generic null"
pq.q,286,84,WARNING,TRAILING_SEMICOLON,"Trailing semicolon before } — function returns generic null"
pq.q,307,26,WARNING,TRAILING_SEMICOLON,"Trailing semicolon before } — function returns generic null"
pq.q,42,87,INFO,IMPLICIT_PARAMS,"Function uses implicit parameters — consider naming them"
pq.q,44,75,WARNING,CAST_TYPE_NUMERICAL,"Casting using short type 'h'"
pq.q,46,218,WARNING,DEBUG_FUNCTION,"Call to debug function '-1'"
pq.q,46,218,INFO,IMPLICIT_PARAMS,"Function uses implicit parameters — consider naming them"
pq.q,46,282,INFO,IMPLICIT_PARAMS,"Function uses implicit parameters — consider naming them"
pq.q,46,318,WARNING,DEBUG_FUNCTION,"Call to debug function '-1'"
pq.q,46,341,INFO,IMPLICIT_PARAMS,"Function uses implicit parameters — consider naming them"
pq.q,46,417,INFO,IMPLICIT_PARAMS,"Function uses implicit parameters — consider naming them"
pq.q,56,28,WARNING,UNUSED_PARAM,"Parameter 'e' is declared but never used"
pq.q,174,12,INFO,IMPLICIT_PARAMS,"Function uses implicit parameters — consider naming them"
pq.q,175,99,INFO,IMPLICIT_PARAMS,"Function uses implicit parameters — consider naming them"
pq.q,186,41,WARNING,DEBUG_FUNCTION,"Call to debug function '-1'"
pq.q,197,32,WARNING,DEBUG_FUNCTION,"Call to debug function '-2'"
pq.q,203,19,INFO,IMPLICIT_PARAMS,"Function uses implicit parameters — consider naming them"
pq.q,216,21,WARNING,DEBUG_FUNCTION,"Call to debug function '-2'"
pq.q,223,2,WARNING,UNDERSCORE_IN_NAME,"Name 'where_to' contains underscore — conflicts with drop operator"
pq.q,230,2,WARNING,UNDERSCORE_IN_NAME,"Name 'to_file' contains underscore — conflicts with drop operator"
pq.q,235,44,WARNING,DEBUG_FUNCTION,"Call to debug function '-2'"
pq.q,302,11,INFO,IMPLICIT_PARAMS,"Function uses implicit parameters — consider naming them"
pq.q,314,19,INFO,IMPLICIT_PARAMS,"Function uses implicit parameters — consider naming them"
pq.q,56,11,WARNING,UNDECLARED_VAR,"Undeclared variable 'unpush'"
pq.q,56,28,WARNING,UNDECLARED_VAR,"Undeclared variable 'unpush'"
pq.q,214,18,WARNING,UNDECLARED_VAR,"Undeclared variable 'oversize'"
path.q,79,7,INFO,IMPLICIT_PARAMS,"Function uses implicit parameters — consider naming them"
yml.q,12,23,WARNING,TRAILING_SEMICOLON,"Trailing semicolon before } — function returns generic null"
yml.q,21,25,WARNING,TRAILING_SEMICOLON,"Trailing semicolon before } — function returns generic null"
yml.q,42,35,WARNING,TRAILING_SEMICOLON,"Trailing semicolon before } — function returns generic null"
yml.q,98,22,WARNING,TRAILING_SEMICOLON,"Trailing semicolon before } — function returns generic null"
yml.q,113,48,WARNING,TRAILING_SEMICOLON,"Trailing semicolon before } — function returns generic null"
yml.q,128,19,WARNING,TRAILING_SEMICOLON,"Trailing semicolon before } — function returns generic null"
yml.q,136,8,WARNING,TRAILING_SEMICOLON,"Trailing semicolon before } — function returns generic null"
yml.q,161,35,WARNING,TRAILING_SEMICOLON,"Trailing semicolon before } — function returns generic null"
yml.q,169,63,WARNING,TRAILING_SEMICOLON,"Trailing semicolon before } — function returns generic null"
yml.q,198,32,WARNING,TRAILING_SEMICOLON,"Trailing semicolon before } — function returns generic null"
yml.q,216,9,WARNING,TRAILING_SEMICOLON,"Trailing semicolon before } — function returns generic null"
yml.q,235,50,WARNING,TRAILING_SEMICOLON,"Trailing semicolon before } — function returns generic null"
yml.q,275,49,WARNING,TRAILING_SEMICOLON,"Trailing semicolon before } — function returns generic null"
yml.q,297,34,WARNING,TRAILING_SEMICOLON,"Trailing semicolon before } — function returns generic null"
yml.q,308,54,WARNING,TRAILING_SEMICOLON,"Trailing semicolon before } — function returns generic null"
yml.q,10,12,INFO,IMPLICIT_PARAMS,"Function uses implicit parameters — consider naming them"
yml.q,11,9,INFO,IMPLICIT_PARAMS,"Function uses implicit parameters — consider naming them"
yml.q,15,17,INFO,IMPLICIT_PARAMS,"Function uses implicit parameters — consider naming them"
yml.q,21,5,INFO,IMPLICIT_PARAMS,"Function uses implicit parameters — consider naming them"
yml.q,50,10,INFO,IMPLICIT_PARAMS,"Function uses implicit parameters — consider naming them"
yml.q,68,30,INFO,IMPLICIT_PARAMS,"Function uses implicit parameters — consider naming them"
yml.q,109,15,INFO,IMPLICIT_PARAMS,"Function uses implicit parameters — consider naming them"
yml.q,110,15,INFO,IMPLICIT_PARAMS,"Function uses implicit parameters — consider naming them"
yml.q,125,33,INFO,IMPLICIT_PARAMS,"Function uses implicit parameters — consider naming them"
yml.q,127,26,INFO,IMPLICIT_PARAMS,"Function uses implicit parameters — consider naming them"
yml.q,154,42,INFO,IMPLICIT_PARAMS,"Function uses implicit parameters — consider naming them"
yml.q,159,17,INFO,IMPLICIT_PARAMS,"Function uses implicit parameters — consider naming them"
yml.q,169,9,INFO,IMPLICIT_PARAMS,"Function uses implicit parameters — consider naming them"
yml.q,183,42,INFO,IMPLICIT_PARAMS,"Function uses implicit parameters — consider naming them"
yml.q,191,40,INFO,IMPLICIT_PARAMS,"Function uses implicit parameters — consider naming them"
yml.q,245,16,INFO,IMPLICIT_PARAMS,"Function uses implicit parameters — consider naming them"
yml.q,248,12,INFO,IMPLICIT_PARAMS,"Function uses implicit parameters — consider naming them"
yml.q,249,15,INFO,IMPLICIT_PARAMS,"Function uses implicit parameters — consider naming them"
yml.q,38,4,WARNING,UNUSED_VAR,"Variable '.yml.i.anchors' is assigned but never used"
yml.q,89,28,ERROR,DECLARED_AFTER_USE,"Variable 'res' used before assignment"
yml.q,88,6,WARNING,CONDITIONALLY_DECLARED,"Variable 'res' may be undefined — declared only conditionally"
yml.q,92,6,WARNING,CONDITIONALLY_DECLARED,"Variable 'res' may be undefined — declared only conditionally"
yml.q,148,6,WARNING,CONDITIONALLY_DECLARED,"Variable 'c' may be undefined — declared only conditionally"
yml.q,181,6,WARNING,CONDITIONALLY_DECLARED,"Variable 'mv' may be undefined — declared only conditionally"
yml.q,189,6,WARNING,CONDITIONALLY_DECLARED,"Variable 'cv' may be undefined — declared only conditionally"
yml.q,189,6,WARNING,CONDITIONALLY_DECLARED,"Variable 'valExists' may be undefined — declared only conditionally"
yml.q,189,6,WARNING,CONDITIONALLY_DECLARED,"Variable 'cvl' may be undefined — declared only conditionally"
yml.q,292,10,WARNING,UNUSED_VAR,"Variable 'nbi' is assigned but never used"
yml.q,304,6,WARNING,CONDITIONALLY_DECLARED,"Variable 'nv' may be undefined — declared only conditionally"
yml.q,313,6,WARNING,CONDITIONALLY_DECLARED,"Variable 'nv' may be undefined — declared only conditionally"
yml.q,265,0,INFO,TODO_MARKER,"TODO - add .yml.dump for writing out yaml from kdb objects"
pkg.q,24,52,WARNING,TRAILING_SEMICOLON,"Trailing semicolon before } — function returns generic null"
pkg.q,10,3,INFO,IMPLICIT_PARAMS,"Function uses implicit parameters — consider naming them"
pkg.q,10,7,WARNING,DEBUG_FUNCTION,"Call to debug function '-1'"
pkg.q,15,13,INFO,IMPLICIT_PARAMS,"Function uses implicit parameters — consider naming them"
pkg.q,15,19,INFO,IMPLICIT_PARAMS,"Function uses implicit parameters — consider naming them"
pkg.q,15,20,INFO,IMPLICIT_PARAMS,"Function uses implicit parameters — consider naming them"
pkg.q,16,11,INFO,IMPLICIT_PARAMS,"Function uses implicit parameters — consider naming them"
pkg.q,17,4,INFO,IMPLICIT_PARAMS,"Function uses implicit parameters — consider naming them"
pkg.q,17,8,WARNING,DEBUG_FUNCTION,"Call to debug function '-1'"
pkg.q,17,47,INFO,IMPLICIT_PARAMS,"Function uses implicit parameters — consider naming them"
pkg.q,17,51,WARNING,DEBUG_FUNCTION,"Call to debug function '-1'"
pkg.q,30,11,INFO,IMPLICIT_PARAMS,"Function uses implicit parameters — consider naming them"
pkg.q,32,23,INFO,IMPLICIT_PARAMS,"Function uses implicit parameters — consider naming them"
pkg.q,38,20,INFO,IMPLICIT_PARAMS,"Function uses implicit parameters — consider naming them"
duckdb.q,91,102,WARNING,LINE_TOO_LONG,"Line 91 exceeds 120 characters"
duckdb.q,114,48,WARNING,LINE_TOO_LONG,"Line 114 exceeds 120 characters"
duckdb.q,131,108,WARNING,LINE_TOO_LONG,"Line 131 exceeds 120 characters"
duckdb.q,154,120,WARNING,LINE_TOO_LONG,"Line 154 exceeds 120 characters"
duckdb.q,28,13,WARNING,UNUSED_PARAM,"Parameter 'sync' is declared but never used"
duckdb.q,130,9,INFO,IMPLICIT_PARAMS,"Function uses implicit parameters — consider naming them"
duckdb.q,131,63,INFO,IMPLICIT_PARAMS,"Function uses implicit parameters — consider naming them"
duckdb.q,156,58,WARNING,UNUSED_PARAM,"Parameter 'e' is declared but never used"
duckdb.q,104,4,WARNING,CONDITIONALLY_DECLARED,"Variable 'p' may be undefined — declared only conditionally"
duckdb.q,188,4,WARNING,CONDITIONALLY_DECLARED,"Variable 'k' may be undefined — declared only conditionally"
massive.q,185,118,WARNING,LINE_TOO_LONG,"Line 185 exceeds 120 characters"
massive.q,197,120,WARNING,LINE_TOO_LONG,"Line 197 exceeds 120 characters"
massive.q,202,107,WARNING,LINE_TOO_LONG,"Line 202 exceeds 120 characters"
massive.q,206,116,WARNING,LINE_TOO_LONG,"Line 206 exceeds 120 characters"
massive.q,209,118,WARNING,LINE_TOO_LONG,"Line 209 exceeds 120 characters"
massive.q,36,49,WARNING,TRAILING_SEMICOLON,"Trailing semicolon before } — function returns generic null"
massive.q,159,117,WARNING,TRAILING_SEMICOLON,"Trailing semicolon before } — function returns generic null"
massive.q,100,14,WARNING,CAST_TYPE_NUMERICAL,"Casting using short type 'j'"
massive.q,102,23,WARNING,CAST_TYPE_NUMERICAL,"Casting using short type 'j'"
massive.q,102,30,WARNING,CAST_TYPE_NUMERICAL,"Casting using short type 'p'"
massive.q,128,30,WARNING,UNUSED_PARAM,"Parameter 'e' is declared but never used"
massive.q,159,12,WARNING,DEBUG_FUNCTION,"Call to debug function '-2'"
md.q,19,120,WARNING,LINE_TOO_LONG,"Line 19 exceeds 120 characters"
md.q,13,22,WARNING,CAST_TYPE_NUMERICAL,"Casting using short type 'c'"
md.q,19,36,INFO,IMPLICIT_PARAMS,"Function uses implicit parameters — consider naming them"
md.q,19,44,INFO,IMPLICIT_PARAMS,"Function uses implicit parameters — consider naming them"
qunit.q,357,102,WARNING,LINE_TOO_LONG,"Line 357 exceeds 120 characters"
qunit.q,425,6,WARNING,LINE_TOO_LONG,"Line 425 exceeds 120 characters"
qunit.q,436,6,WARNING,LINE_TOO_LONG,"Line 436 exceeds 120 characters"
qunit.q,67,17,WARNING,TRAILING_SEMICOLON,"Trailing semicolon before } — function returns generic null"
qunit.q,76,53,WARNING,TRAILING_SEMICOLON,"Trailing semicolon before } — function returns generic null"
qunit.q,390,25,WARNING,TRAILING_SEMICOLON,"Trailing semicolon before } — function returns generic null"
qunit.q,396,65,WARNING,TRAILING_SEMICOLON,"Trailing semicolon before } — function returns generic null"
qunit.q,430,83,WARNING,TRAILING_SEMICOLON,"Trailing semicolon before } — function returns generic null"
qunit.q,438,35,WARNING,TRAILING_SEMICOLON,"Trailing semicolon before } — function returns generic null"
qunit.q,34,6,INFO,IMPLICIT_PARAMS,"Function uses implicit parameters — consider naming them"
qunit.q,38,3,INFO,IMPLICIT_PARAMS,"Function uses implicit parameters — consider naming them"
qunit.q,149,8,INFO,IMPLICIT_PARAMS,"Function uses implicit parameters — consider naming them"
qunit.q,152,10,INFO,IMPLICIT_PARAMS,"Function uses implicit parameters — consider naming them"
qunit.q,152,62,INFO,IMPLICIT_PARAMS,"Function uses implicit parameters — consider naming them"
qunit.q,156,8,INFO,IMPLICIT_PARAMS,"Function uses implicit parameters — consider naming them"
qunit.q,158,10,INFO,IMPLICIT_PARAMS,"Function uses implicit parameters — consider naming them"
qunit.q,168,6,INFO,IMPLICIT_PARAMS,"Function uses implicit parameters — consider naming them"
qunit.q,187,8,INFO,IMPLICIT_PARAMS,"Function uses implicit parameters — consider naming them"
qunit.q,187,96,INFO,IMPLICIT_PARAMS,"Function uses implicit parameters — consider naming them"
qunit.q,190,32,INFO,IMPLICIT_PARAMS,"Function uses implicit parameters — consider naming them"
qunit.q,195,14,INFO,IMPLICIT_PARAMS,"Function uses implicit parameters — consider naming them"
qunit.q,203,11,INFO,IMPLICIT_PARAMS,"Function uses implicit parameters — consider naming them"
qunit.q,215,14,INFO,IMPLICIT_PARAMS,"Function uses implicit parameters — consider naming them"
qunit.q,230,8,INFO,IMPLICIT_PARAMS,"Function uses implicit parameters — consider naming them"
qunit.q,230,32,INFO,IMPLICIT_PARAMS,"Function uses implicit parameters — consider naming them"
qunit.q,295,11,INFO,IMPLICIT_PARAMS,"Function uses implicit parameters — consider naming them"
qunit.q,297,23,INFO,IMPLICIT_PARAMS,"Function uses implicit parameters — consider naming them"
qunit.q,300,4,INFO,IMPLICIT_PARAMS,"Function uses implicit parameters — consider naming them"
qunit.q,300,21,INFO,IMPLICIT_PARAMS,"Function uses implicit parameters — consider naming them"
qunit.q,308,33,INFO,IMPLICIT_PARAMS,"Function uses implicit parameters — consider naming them"
qunit.q,337,12,INFO,IMPLICIT_PARAMS,"Function uses implicit parameters — consider naming them"
qunit.q,337,13,INFO,IMPLICIT_PARAMS,"Function uses implicit parameters — consider naming them"
qunit.q,368,8,INFO,IMPLICIT_PARAMS,"Function uses implicit parameters — consider naming them"
qunit.q,395,7,INFO,IMPLICIT_PARAMS,"Function uses implicit parameters — consider naming them"
qunit.q,396,7,INFO,IMPLICIT_PARAMS,"Function uses implicit parameters — consider naming them"
qunit.q,410,14,INFO,IMPLICIT_PARAMS,"Function uses implicit parameters — consider naming them"
qunit.q,444,6,INFO,IMPLICIT_PARAMS,"Function uses implicit parameters — consider naming them"
qunit.q,446,13,INFO,IMPLICIT_PARAMS,"Function uses implicit parameters — consider naming them"
qunit.q,447,15,INFO,IMPLICIT_PARAMS,"Function uses implicit parameters — consider naming them"
qunit.q,447,26,INFO,IMPLICIT_PARAMS,"Function uses implicit parameters — consider naming them"
qunit.q,85,26,WARNING,UNUSED_VAR,"Variable 'aTh' is assigned but never used"
qunit.q,168,4,WARNING,UNUSED_VAR,"Variable 'h' is assigned but never used"
qunit.q,264,5,WARNING,CONDITIONALLY_DECLARED,"Variable 'n' may be undefined — declared only conditionally"
qunit.q,276,69,ERROR,DECLARED_AFTER_USE,"Variable 'a' used before assignment"
qunit.q,272,9,WARNING,UNDECLARED_VAR,"Undeclared variable 'noTestsFound'"
qunit.q,306,11,WARNING,UNDECLARED_VAR,"Undeclared variable 'nsNoExist'"
qunit.q,308,35,WARNING,CONDITIONALLY_DECLARED,"Variable 'a' may be undefined — declared only conditionally"
qunit.q,352,6,WARNING,CONDITIONALLY_DECLARED,"Variable 'a' may be undefined — declared only conditionally"
qunit.q,374,6,WARNING,CONDITIONALLY_DECLARED,"Variable 'ns' may be undefined — declared only conditionally"
qunit.q,374,6,WARNING,CONDITIONALLY_DECLARED,"Variable 'v' may be undefined — declared only conditionally"
qunit.q,374,6,WARNING,CONDITIONALLY_DECLARED,"Variable 'fn' may be undefined — declared only conditionally"
qunit.q,14,0,INFO,TODO_MARKER,"@TODO mocking projections are broken, add test and fix."
qunit.q,49,25,ERROR,DEPRECATED_INTERNAL,"Use '.Q.s1' instead of '-3!'"
qunit.q,50,23,ERROR,DEPRECATED_INTERNAL,"Use '.Q.s1' instead of '-3!'"
qunit.q,208,71,ERROR,DEPRECATED_INTERNAL,"Use '.Q.s1' instead of '-3!'"
qunit.q,315,39,ERROR,DEPRECATED_INTERNAL,"Use '.Q.s1' instead of '-3!'"
qunit.q,319,42,ERROR,DEPRECATED_INTERNAL,"Use '.Q.s1' instead of '-3!'"
